accounts	1
team	team001	team001	1aFKCRVJ
team	team002	team002	beituvh8
team	team003	team003	zaprm1uc
team	team004	team004	IeSrRsqy
team	team005	team005	9Ldt3Pas
team	team006	team006	zeuRSPNi
team	team007	team007	yR5A6qis
team	team008	team008	bSFJlc4V
team	team009	team009	ZSjIwsHi
team	team010	team010	Uvaq6T8z
team	team011	team011	dfBt9zEI
team	team012	team012	XKFPQ2BD
team	team013	team013	sUP9eEyS
team	team014	team014	RmyZpfa5
team	team015	team015	BbmldJ8E
team	team016	team016	Q6ny2IvN
team	team017	team017	IyD18suN
team	team018	team018	UMHyvaC8
team	team019	team019	2AlZd9PH
